Kahlil Twentyman,ktwentyman0@elpais.com,491-819-3754,5 Eggendart Place
Arluene Brownstein,abrownstein1@bluehost.com,194-189-4297,1 Garrison Alley
Dell Treppas,dtreppas2@squidoo.com,424-712-4023,0 Lakewood Parkway
Dicky Manzell,dmanzell3@cisco.com,372-221-7565,7217 Forest Dale Pass
Alvie Cymper,acymper4@flavors.me,243-193-5478,864 Hudson Crossing
Karen Burchett,kburchett5@marketwatch.com,386-922-3512,55498 Kenwood Court
Marillin Langan,mlangan6@quantcast.com,546-552-8781,3 Anniversary Junction
Hagan Schwanden,hschwanden7@livejournal.com,940-933-6870,434 Kropf Crossing
Hank Calven,hcalven8@skype.com,487-396-1676,84 Eastlawn Plaza
Elia Werrit,ewerrit9@1688.com,315-136-5338,1 Laurel Crossing
Kristofor Matej,kmateja@jimdo.com,555-342-3412,0 Chive Junction
Alasteir Padwick,apadwickb@zimbio.com,458-917-3238,29 Nancy Road
Irwinn Greenway,igreenwayc@youku.com,670-940-4003,0746 American Ash Junction
Galen Brodie,gbrodied@cmu.edu,851-354-5999,2831 Schmedeman Park
Doralyn Gotcliff,dgotcliffe@ibm.com,495-574-7872,40166 Talmadge Hill
Hyman Gooder,hgooderf@is.gd,459-985-3352,0006 Center Junction
Antony Titchen,atitcheng@bbb.org,893-922-0328,8101 Maple Wood Road
Layney Minichillo,lminichilloh@fastcompany.com,237-871-4822,548 Bluejay Place
Lenci Jowling,ljowlingi@list-manage.com,642-698-1775,29615 Elgar Lane
Hurleigh Colliss,hcollissj@wikipedia.org,727-640-9871,9 Manley Avenue
Tiffi Coghill,tcoghillk@purevolume.com,730-441-7885,708 Warbler Court
Curtice Phin,cphinl@mozilla.org,105-166-2085,37880 Kings Plaza
Anatol Simo,asimom@merriam-webster.com,502-592-5767,04 Loomis Court
Ara Semken,asemkenn@slate.com,245-270-4212,2 Straubel Drive
Shae Fairebrother,sfairebrothero@google.nl,572-593-5575,9559 Forest Dale Hill
Tabina Pilipyak,tpilipyakp@flickr.com,362-896-6704,24732 Arapahoe Road
Jobye Newlove,jnewloveq@sohu.com,489-892-5703,7 Bluestem Plaza
Aurore Caustic,acausticr@google.fr,798-630-9804,5 Warner Terrace
Pen Penfold,ppenfolds@technorati.com,158-356-5361,17847 Waywood Street
Deina Letertre,dletertret@loc.gov,303-691-1282,37 Anthes Road
Hobard Emsley,hemsleyu@ning.com,165-132-4275,97 Mariners Cove Circle
Marillin Gredden,mgreddenv@bigcartel.com,767-523-0842,0414 Fieldstone Trail
Sharline Scammonden,sscammondenw@google.nl,149-221-8680,77963 Bonner Way
Udall Whitechurch,uwhitechurchx@sohu.com,410-445-4801,846 Dottie Trail
Delora Genese,dgenesey@1688.com,146-976-7127,96456 Westridge Plaza
Karia Barradell,kbarradellz@washington.edu,204-280-1516,278 Oak Valley Avenue
Ingram Dake,idake10@google.cn,580-696-1068,134 Schiller Drive
Brittani Emblen,bemblen11@npr.org,302-756-3806,73732 Colorado Parkway
Linn Eve,leve12@house.gov,539-856-0458,5 Melvin Lane
Sharona Hudd,shudd13@technorati.com,320-969-5917,4 Spaight Hill
Osbourn Booker,obooker14@mashable.com,578-550-2359,3 Dunning Hill
Ariel Willock,awillock15@a8.net,803-539-0809,4696 Rusk Circle
Jewelle Muehler,jmuehler16@howstuffworks.com,688-685-8164,97 Bayside Trail
Wylie Trahair,wtrahair17@sun.com,543-370-7898,6 Tony Hill
Wendel Gardiner,wgardiner18@elegantthemes.com,500-839-8461,91122 Warbler Plaza
Zonnya Coopey,zcoopey19@myspace.com,740-426-6719,9 Lerdahl Street
Jake Tumielli,jtumielli1a@sun.com,105-607-6907,243 Bartillon Terrace
Ruddie Bunclark,rbunclark1b@canalblog.com,517-382-8034,7812 Warbler Park
Laverne Nairns,lnairns1c@about.me,741-653-6235,10 Rieder Park
Agatha Martins,amartins1d@creativecommons.org,994-563-6973,36270 Hanover Parkway
Rufe Bianco,rbianco1e@archive.org,704-765-4741,84 Almo Junction
Marinna de Savery,mde1f@prweb.com,163-384-7745,7 Westridge Drive
Pansie Mossdale,pmossdale1g@sun.com,396-728-8210,48 Dixon Terrace
Neill Grafton,ngrafton1h@cbsnews.com,817-351-2691,80720 Homewood Avenue
Tricia Stubbington,tstubbington1i@boston.com,143-526-7797,7 Kingsford Point
Hester Faireclough,hfaireclough1j@loc.gov,432-509-4894,89 Carberry Junction
Leilah Leghorn,lleghorn1k@ed.gov,532-481-6551,894 Farmco Trail
Pearce Voyce,pvoyce1l@time.com,672-352-6383,7 Dorton Center
Emelen Beadel,ebeadel1m@tumblr.com,607-231-6359,03066 Messerschmidt Park
Nickola Burtonshaw,nburtonshaw1n@addthis.com,711-471-8954,0 Lakewood Gardens Point
Thorndike Offer,toffer1o@stanford.edu,152-719-2150,34061 Fallview Park
Rutger Honywill,rhonywill1p@de.vu,684-849-9228,59830 Northview Avenue
Elora Pendrid,ependrid1q@ask.com,225-610-4171,17314 Barby Avenue
Koral Cory,kcory1r@4shared.com,547-935-7850,4312 Vermont Way
Tannie Jandak,tjandak1s@php.net,230-551-7537,54607 Di Loreto Road
Bealle Highnam,bhighnam1t@hatena.ne.jp,253-393-0067,8034 Pond Avenue
Carolus Osgerby,cosgerby1u@usda.gov,305-790-3037,8 Helena Hill
Kaspar Bockmann,kbockmann1v@woothemes.com,521-132-9314,4 Golden Leaf Drive
Josephine Brunel,jbrunel1w@photobucket.com,560-573-3540,25 Di Loreto Road
Thornton Fosdick,tfosdick1x@hatena.ne.jp,482-993-1324,7 Warbler Crossing
Bonnie Morecomb,bmorecomb1y@rediff.com,962-920-4135,95 Schurz Road
Hilarius Wikey,hwikey1z@npr.org,920-854-2835,941 Lien Point
Binny Ferrierio,bferrierio20@hugedomains.com,647-405-2400,955 Russell Circle
Othilia Maruszewski,omaruszewski21@patch.com,837-336-5849,4 Bluestem Plaza
Camile Simon,csimon22@answers.com,339-639-8269,05 Oxford Alley
Georgeanne Birtwhistle,gbirtwhistle23@weebly.com,890-471-7417,323 Lakeland Drive
Rosa Popping,rpopping24@cisco.com,333-760-1369,371 Cody Street
Adrienne Urion,aurion25@japanpost.jp,895-862-1810,67 Morning Circle
Britt Bater,bbater26@simplemachines.org,582-110-3559,49680 Eagle Crest Point
Marga Chasles,mchasles27@artisteer.com,472-511-9196,81 Forster Circle
Shelton Lackemann,slackemann28@howstuffworks.com,971-759-4063,687 Susan Terrace
Mabelle Goly,mgoly29@about.com,769-498-3375,7799 Cascade Circle
Pren Liley,pliley2a@telegraph.co.uk,985-898-1106,1757 Toban Junction
Carny Dargie,cdargie2b@prweb.com,295-814-1359,00 Brickson Park Lane
Perren Schwier,pschwier2c@chron.com,469-956-7143,87188 Lillian Avenue
Caryl Klehyn,cklehyn2d@loc.gov,293-902-8460,8438 Pearson Crossing
Masha Ingray,mingray2e@businessinsider.com,223-440-0806,23 Lakewood Parkway
Dinnie Nairns,dnairns2f@disqus.com,101-752-9986,5102 Merry Hill
Floria Van de Velde,fvan2g@moonfruit.com,340-853-3306,03 Hollow Ridge Way
Demetrius Rhodef,drhodef2h@cyberchimps.com,780-940-8443,7 Atwood Circle
Lena Rheubottom,lrheubottom2i@hud.gov,925-109-2472,86 Scoville Trail
Philip Courtney,pcourtney2j@ifeng.com,501-399-3925,06 Corry Lane
Duky Dyble,ddyble2k@weibo.com,836-548-5389,2705 Eagan Court
Hally Cromly,hcromly2l@state.tx.us,211-716-5063,5402 Melrose Drive
Christophe Pauluzzi,cpauluzzi2m@yellowbook.com,773-955-3759,13 Mariners Cove Circle
Faber Milleton,fmilleton2n@intel.com,406-118-4836,56 Service Park
Armin Coase,acoase2o@forbes.com,659-261-2088,4862 Moulton Drive
Madelon Huckerby,mhuckerby2p@amazonaws.com,831-487-5146,03 Donald Plaza
Rici Hablet,rhablet2q@surveymonkey.com,211-446-4616,7 Vahlen Street
Bernette Sclanders,bsclanders2r@smugmug.com,999-973-8514,10117 La Follette Terrace
Garik Sterndale,gsterndale2s@ted.com,653-639-1612,8501 Surrey Plaza
Guenna Younger,gyounger2t@blog.com,184-880-2450,621 Bellgrove Center
Irvin Skeel,iskeel2u@ameblo.jp,584-895-4137,2 Barnett Drive
Barry Crawley,bcrawley2v@java.com,980-727-6942,01 Springview Hill
Zane Kidston,zkidston2w@census.gov,671-520-8308,1 Armistice Place
Cull Higgonet,chiggonet2x@bing.com,958-356-4952,38619 Garrison Lane
Tori Pretley,tpretley2y@sakura.ne.jp,437-151-1088,12 Elka Place
Zola Howles,zhowles2z@usnews.com,935-277-0584,8 Messerschmidt Drive
Nollie Vayro,nvayro30@rediff.com,639-777-8067,4131 Victoria Lane
Alysa MacRannell,amacrannell31@independent.co.uk,544-204-6423,68 Golf Course Street
Burch Sydenham,bsydenham32@fda.gov,905-993-8287,14973 Melody Terrace
Batholomew Swinerd,bswinerd33@nytimes.com,253-387-2730,28803 Redwing Park
Dietrich Longstreeth,dlongstreeth34@shop-pro.jp,924-131-0752,78 Waubesa Hill
Janel Luke,jluke35@apple.com,410-949-0846,60 Karstens Parkway
Tamra Philcott,tphilcott36@dagondesign.com,154-937-0630,9 Myrtle Park
Randy Oven,roven37@nymag.com,624-592-6671,2021 Golf View Center
Galina Rablan,grablan38@infoseek.co.jp,432-500-1451,9 Lakeland Plaza
Giselbert Roseveare,groseveare39@macromedia.com,292-836-7581,624 Bashford Hill
Bennie Esland,besland3a@icio.us,427-654-4373,01 Marquette Pass
Giselle Ingleson,gingleson3b@moonfruit.com,755-535-9497,966 Anniversary Point
Launce Waghorn,lwaghorn3c@ehow.com,348-783-1039,24 Sugar Park
Kristien LAbbet,klabbet3d@bbc.co.uk,776-234-2488,66570 Columbus Lane
Daria Freiburger,dfreiburger3e@blinklist.com,237-303-6500,71411 Bunting Center
Jesse Jurisch,jjurisch3f@ask.com,531-220-2183,017 Briar Crest Parkway
Malachi Wolfindale,mwolfindale3g@merriam-webster.com,184-824-3989,879 Weeping Birch Circle
Angil Rehorek,arehorek3h@arizona.edu,874-374-9875,57851 Ludington Point
Larine Mapholm,lmapholm3i@bloglovin.com,633-398-3983,4 Schiller Avenue
Kari Charlotte,kcharlotte3j@ning.com,283-704-7942,410 Fairview Junction
Jesse Pakeman,jpakeman3k@loc.gov,529-697-5318,093 Reindahl Parkway
Briggs Druery,bdruery3l@surveymonkey.com,446-685-1114,1522 Continental Point
Elianora Orrice,eorrice3m@joomla.org,209-521-4053,2532 Mariners Cove Road
Giana Iapico,giapico3n@microsoft.com,626-179-5344,92 Northport Parkway
Joycelin Baskeyfied,jbaskeyfied3o@who.int,341-299-5091,2112 Sundown Junction
Quill Nial,qnial3p@nifty.com,210-410-0335,1314 Mccormick Park
Fionna Broadbent,fbroadbent3q@eventbrite.com,600-711-6157,2089 Blue Bill Park Crossing
Tedda Bruinsma,tbruinsma3r@oakley.com,912-725-2807,59265 Ridge Oak Parkway
Viva Ochiltree,vochiltree3s@mail.ru,310-970-3972,1753 Cody Hill
Art Rowcliffe,arowcliffe3t@bigcartel.com,286-472-1525,2 Packers Parkway
Delaney Spooner,dspooner3u@time.com,817-668-5832,58 Alpine Point
Baxie Legg,blegg3v@google.fr,112-634-9238,084 John Wall Parkway
Karil Orhtmann,korhtmann3w@guardian.co.uk,402-707-1579,2 Sachs Terrace
Maighdiln Gillan,mgillan3x@newyorker.com,772-205-4810,67 Wayridge Center
Delora Philcox,dphilcox3y@netscape.com,732-725-2901,1 Crescent Oaks Way
Debbie MacMaykin,dmacmaykin3z@vistaprint.com,542-402-8842,697 Calypso Park
Sven Simionescu,ssimionescu40@hexun.com,287-628-9421,186 Marcy Road
Sharity Ellsbury,sellsbury41@icio.us,153-789-0974,1301 Longview Junction
Damien Simic,dsimic42@webnode.com,206-686-2502,1 Maple Wood Parkway
Hillery Wetter,hwetter43@unesco.org,648-300-5301,2436 New Castle Avenue
Paul Habershaw,phabershaw44@wikipedia.org,598-883-8095,831 Mayer Court
Lorin Paz,lpaz45@nytimes.com,513-780-7358,538 Di Loreto Hill
Edith Hinkes,ehinkes46@about.com,761-302-8409,0298 Hollow Ridge Junction
Kyrstin Franiak,kfraniak47@cbslocal.com,765-282-8460,9 Heath Lane
Raeann Sheara,rsheara48@example.com,917-301-2099,0 Hayes Circle
Belita Vinnicombe,bvinnicombe49@dell.com,554-946-0086,604 Kipling Way
Robinette Antonioni,rantonioni4a@cam.ac.uk,277-359-8060,7 Pond Hill
Barrie Holah,bholah4b@geocities.jp,713-784-6563,084 Lyons Lane
Cornelle Durden,cdurden4c@scientificamerican.com,283-444-9457,60 Bellgrove Way
Kitty Crayden,kcrayden4d@prweb.com,166-967-3101,104 Fisk Park
Scotty Mathison,smathison4e@vimeo.com,921-526-1702,2556 Muir Road
Neddie McQuarter,nmcquarter4f@myspace.com,647-739-3650,36 Bay Junction
Magdaia Bury,mbury4g@home.pl,124-346-0956,6891 Kingsford Plaza
Carrie Geratasch,cgeratasch4h@drupal.org,777-831-0239,9 Declaration Terrace
Norine Dublin,ndublin4i@amazon.de,726-376-0358,5462 Rieder Road
Bartholomew Lindner,blindner4j@yale.edu,193-194-2609,99 Vermont Road
Clevie Bonafacino,cbonafacino4k@free.fr,231-283-2224,95 West Parkway
Cirstoforo Songust,csongust4l@bloglines.com,125-611-7097,9597 Fulton Alley
Edie Millin,emillin4m@miibeian.gov.cn,605-400-9966,8269 Brown Trail
Israel Schruur,ischruur4n@forbes.com,313-916-7043,2 Bellgrove Circle
Tarrance Lucien,tlucien4o@google.cn,683-473-4895,583 Larry Circle
Ax Bullocke,abullocke4p@wsj.com,868-871-8727,60 Rusk Alley
Alexandre Devorill,adevorill4q@about.me,339-544-1215,5 Hansons Trail
Gaile Rillstone,grillstone4r@xrea.com,443-701-6850,3885 Red Cloud Point
Patric Bettam,pbettam4s@google.co.jp,589-530-6154,7 Debra Court
Catherin Milch,cmilch4t@123-reg.co.uk,585-301-5459,89 Pearson Crossing
Nicolis Arnott,narnott4u@msu.edu,376-746-9942,2 Sauthoff Park
Georgianne Swadling,gswadling4v@dell.com,310-446-9912,37 David Pass
Pippy Kirkbride,pkirkbride4w@infoseek.co.jp,806-387-6875,5001 Cordelia Avenue
Terrie Magauran,tmagauran4x@java.com,165-908-7580,40520 Swallow Lane
Lisabeth Gornar,lgornar4y@intel.com,386-913-9352,57 Florence Park
Sharla Lendon,slendon4z@oracle.com,988-114-4267,5986 Valley Edge Crossing
Curcio Smallcombe,csmallcombe50@bluehost.com,164-601-2964,6 High Crossing Park
Nobe Joao,njoao51@soup.io,144-385-8832,52 Gale Road
Gert MacIlory,gmacilory52@hibu.com,405-965-2322,9 Fuller Road
Larry Mussington,lmussington53@scientificamerican.com,798-549-3244,2600 Lunder Park
Mohandas Sirett,msirett54@qq.com,494-944-2995,9985 Monica Plaza
Cherey Glyne,cglyne55@amazonaws.com,536-705-8758,5460 Di Loreto Circle
Eula Kroch,ekroch56@nymag.com,242-814-1343,959 Grover Road
Alene Quinell,aquinell57@npr.org,421-476-7833,91 Killdeer Avenue
Gabby Hugin,ghugin58@illinois.edu,607-971-8305,70 Grover Place
Lynna Buye,lbuye59@bluehost.com,534-912-8280,99595 Tennessee Street
Hy Heritege,hheritege5a@oracle.com,839-712-2513,000 Melody Way
Alvan Biasioni,abiasioni5b@jugem.jp,778-295-2987,7 Hanson Parkway
Dulsea Tweedell,dtweedell5c@geocities.com,989-774-1011,6252 Sutteridge Crossing
Marge Brislawn,mbrislawn5d@china.com.cn,766-953-1894,375 Crescent Oaks Crossing
Emmye Verdy,everdy5e@taobao.com,222-704-6044,26122 Sage Point
Merry Middle,mmiddle5f@columbia.edu,444-366-2440,5 Hallows Drive
Bord Schimann,bschimann5g@ow.ly,887-981-1506,69093 Killdeer Place
Vale Hayball,vhayball5h@creativecommons.org,151-184-9174,83 Florence Alley
Henrik Marcoolyn,hmarcoolyn5i@slashdot.org,407-125-9024,5 Spohn Circle
Josias Mogra,jmogra5j@51.la,141-234-5253,0 Union Avenue
Walliw Ethridge,wethridge5k@unicef.org,266-814-7507,1263 4th Terrace
Hewet Keysel,hkeysel5l@uol.com.br,947-840-4184,233 Golden Leaf Circle
Andra Gayforth,agayforth5m@ifeng.com,294-128-8534,71 Nelson Place
Elyssa Richold,erichold5n@comsenz.com,599-280-8306,0155 Arapahoe Street
Aleen Jaffra,ajaffra5o@economist.com,684-209-2658,4376 Lighthouse Bay Point
Archie Peggs,apeggs5p@skyrock.com,991-302-6837,0954 New Castle Plaza
Coralyn Mulvenna,cmulvenna5q@sciencedaily.com,764-199-7309,4 Moulton Pass
Alysa Berisford,aberisford5r@weather.com,951-329-8014,029 Hansons Place
Corabella Sterry,csterry5s@behance.net,891-585-6196,7 Esch Junction
Osbert Horbath,ohorbath5t@addthis.com,294-610-6331,2394 Park Meadow Parkway
Lucas Lodo,llodo5u@slate.com,693-337-4553,3348 Westport Parkway
Georg Prendeguest,gprendeguest5v@hugedomains.com,682-509-9598,081 Dexter Road
Kasper Birtwell,kbirtwell5w@auda.org.au,389-937-2612,5666 Quincy Park
Shaughn Luscott,sluscott5x@ed.gov,500-506-6366,034 Sloan Trail
Happy Heinrici,hheinrici5y@smugmug.com,849-403-4054,9626 Village Lane
Caspar Quartermain,cquartermain5z@infoseek.co.jp,361-661-9565,47 Colorado Drive
Farleigh Gilhespy,fgilhespy60@list-manage.com,173-863-1536,4946 Michigan Road
Blair Rraundl,brraundl61@boston.com,904-445-8559,2072 4th Place
Ulberto Nattriss,unattriss62@squidoo.com,460-628-2463,101 Stephen Street
Pernell Charpling,pcharpling63@typepad.com,938-464-9772,19915 Carey Way
Sarena Yitshak,syitshak64@unc.edu,498-505-1909,4375 Reinke Drive
Vivien Meadowcraft,vmeadowcraft65@moonfruit.com,932-462-8497,4936 Melody Drive
Cletis Nuccitelli,cnuccitelli66@livejournal.com,499-954-2336,5917 Golf View Point
Lucien Stonary,lstonary67@redcross.org,156-788-0830,3 Red Cloud Point
Marrissa Knutton,mknutton68@cafepress.com,302-351-3036,8 Morningstar Park
Sawyer Teodoro,steodoro69@shinystat.com,189-936-0351,54 Bellgrove Avenue
Erv Itzkowicz,eitzkowicz6a@webs.com,163-497-5722,68 Kim Street
Kellyann Bockmann,kbockmann6b@army.mil,621-506-2290,329 Kenwood Junction
Riane Normavill,rnormavill6c@behance.net,959-252-6529,3 Cordelia Trail
Padget Lemary,plemary6d@privacy.gov.au,946-276-6711,02645 Florence Street
Maris Landre,mlandre6e@scientificamerican.com,630-545-9698,47143 Old Gate Lane
Fiann Benns,fbenns6f@google.co.jp,953-733-7735,668 Melody Drive
Caria Pagett,cpagett6g@hugedomains.com,513-573-1158,552 Starling Street
Maurita Dean,mdean6h@123-reg.co.uk,546-511-1066,1859 Burrows Road
Lita Paviour,lpaviour6i@xing.com,736-870-4138,1879 Northview Drive
Guillemette Matschuk,gmatschuk6j@google.de,524-575-0388,90 Alpine Avenue
Selma Greensite,sgreensite6k@patch.com,127-927-5324,77780 La Follette Trail
Zarla Rule,zrule6l@addthis.com,150-643-4206,6 Darwin Lane
Genvieve Tudbald,gtudbald6m@google.nl,915-664-3834,57 Northland Terrace
Rourke Shackle,rshackle6n@freewebs.com,593-731-0832,9 Rusk Way
Udell Huntar,uhuntar6o@archive.org,755-687-6165,0 Eliot Street
Bard Puckett,bpuckett6p@hubpages.com,259-390-6227,8180 Melby Court
Horatio Pulsford,hpulsford6q@ed.gov,613-741-3814,1 Moose Drive
Wenonah Ickowicz,wickowicz6r@toplist.cz,600-446-8485,8 Cascade Lane
Janelle Chittem,jchittem6s@wikispaces.com,992-712-2642,2 Autumn Leaf Crossing
Bran Sterland,bsterland6t@ihg.com,856-575-9059,5 Leroy Terrace
Danita Dumbrall,ddumbrall6u@exblog.jp,351-761-9839,77 Texas Park
Burlie ducarme,bducarme6v@t-online.de,621-939-2563,15 Bunting Crossing
Mattie Ivasyushkin,mivasyushkin6w@ebay.com,312-485-2105,80 Russell Trail
Javier McClancy,jmcclancy6x@domainmarket.com,597-397-1773,2 East Park
Reine Spoole,rspoole6y@google.com.hk,791-593-7315,73758 Fremont Plaza
Zorana Lucia,zlucia6z@ucoz.com,106-771-5077,050 Leroy Crossing
Fabe Middleton,fmiddleton70@squidoo.com,999-758-9314,1264 Holmberg Trail
Rouvin Medlicott,rmedlicott71@msu.edu,856-125-5225,90590 Nelson Lane
Elia Ovenell,eovenell72@ning.com,297-901-3432,20078 Lakewood Gardens Terrace
Bobinette Shields,bshields73@biblegateway.com,929-819-2179,6 Lillian Way
Charmine Debill,cdebill74@purevolume.com,205-251-4450,7496 Maywood Point
Hermann Jzak,hjzak75@is.gd,305-325-5424,56930 Moland Junction
Lucho Grodden,lgrodden76@illinois.edu,650-549-1356,28 Logan Trail
Iago Bartholomieu,ibartholomieu77@prlog.org,890-855-7563,0 Butternut Trail
Smith Fortie,sfortie78@amazon.co.uk,537-979-7249,809 Commercial Park
Farrell Kellar,fkellar79@purevolume.com,180-466-4156,70 Mitchell Lane
Ravid Kitchingman,rkitchingman7a@weebly.com,256-430-0691,03034 Pierstorff Junction
Che Milier,cmilier7b@slate.com,911-828-4860,65 Comanche Pass
Brandyn Bater,bbater7c@umn.edu,879-774-8559,1 Arizona Trail
Hort Ezzy,hezzy7d@stumbleupon.com,201-387-8290,88255 Shoshone Center
Elston Littleton,elittleton7e@opensource.org,931-322-3484,456 Ilene Drive
Carlos Parram,cparram7f@studiopress.com,497-525-6978,26594 Paget Circle
Johan Bisatt,jbisatt7g@furl.net,658-577-3955,2 Toban Street
Rogers Nutting,rnutting7h@hubpages.com,702-501-1542,48253 Emmet Drive
Mareah Haldin,mhaldin7i@ebay.co.uk,369-612-9845,020 Center Way
Pepe Addey,paddey7j@addthis.com,955-272-6710,11528 Vidon Way
Rodolfo Bullingham,rbullingham7k@wix.com,720-303-7367,82783 Paget Trail
Wolfie Candie,wcandie7l@google.com.hk,736-512-1001,2936 Summit Parkway
Mason Chazier,mchazier7m@t-online.de,994-774-4593,53257 Little Fleur Terrace
Shel Bayldon,sbayldon7n@diigo.com,415-773-4269,9169 Fuller Terrace
Devland Boyfield,dboyfield7o@lycos.com,803-761-0508,9357 Amoth Terrace
Geordie O'Mannion,gomannion7p@sfgate.com,148-326-3368,331 Bobwhite Street
Jennilee Camis,jcamis7q@printfriendly.com,612-717-4993,095 Sunfield Plaza
Fidela Lorenc,florenc7r@netlog.com,167-363-9502,3 Hovde Center
Doyle Bullan,dbullan7s@theglobeandmail.com,876-261-5269,7665 Forest Run Lane
Cynthia Domnick,cdomnick7t@naver.com,580-535-7102,62 Hallows Court
Heddie Ryves,hryves7u@japanpost.jp,748-703-1011,67339 Spohn Street
Cherri Camillo,ccamillo7v@ox.ac.uk,393-533-9239,31 Orin Circle
Ignazio Beevens,ibeevens7w@msn.com,968-514-4334,36953 Loftsgordon Circle
Stacey Klimas,sklimas7x@rediff.com,601-210-3245,196 Kim Place
Dalila Baynon,dbaynon7y@cocolog-nifty.com,363-573-5906,83 Susan Plaza
Katha Wrate,kwrate7z@odnoklassniki.ru,484-280-3819,1470 Sutteridge Plaza
Robert Turrill,rturrill80@symantec.com,709-429-1242,21974 Lakewood Gardens Hill
Danie Dwight,ddwight81@ehow.com,894-366-1354,19 Sloan Circle
Bronson Toby,btoby82@foxnews.com,212-610-4269,13 Anniversary Court
Margi Cossins,mcossins83@nymag.com,801-191-6312,7 Swallow Drive
Harmonia Choke,hchoke84@yolasite.com,101-108-1405,8032 Heffernan Way
Wiley Olligan,wolligan85@tripadvisor.com,599-690-3845,567 Boyd Center
Jessamine Rossant,jrossant86@samsung.com,616-582-8902,699 Reinke Alley
Myrta Langlands,mlanglands87@flickr.com,884-604-7841,98560 Toban Avenue
Red Sculpher,rsculpher88@free.fr,369-274-9047,3 Troy Trail
Bambi Troy,btroy89@theglobeandmail.com,633-500-0806,050 Rigney Road
Lillian Cathcart,lcathcart8a@studiopress.com,560-256-0951,6459 Lerdahl Crossing
Larry Goricke,lgoricke8b@wunderground.com,206-339-0589,3 Commercial Lane
Margarita Mahoney,mmahoney8c@tmall.com,850-853-8942,25883 Hansons Drive
Myrvyn Croom,mcroom8d@yellowpages.com,279-474-8361,26 Claremont Park
Flore Asey,fasey8e@nasa.gov,223-805-2337,3311 Oak Hill
Gloriane Pischof,gpischof8f@reference.com,975-979-1565,6 Pond Drive
Onofredo Risbrough,orisbrough8g@businesswire.com,136-173-5437,9 Heffernan Pass
Derick Turl,dturl8h@reuters.com,478-468-9399,0202 Oak Plaza
Ozzy Dollimore,odollimore8i@etsy.com,403-573-1791,55233 Tony Court
Burr Santry,bsantry8j@sciencedaily.com,762-712-3577,0 Sachtjen Street
Roxanne Bromhead,rbromhead8k@ed.gov,166-657-6401,027 Trailsway Crossing
Marleen Kerwin,mkerwin8l@dagondesign.com,832-937-9242,012 Tennyson Park
Flory Fetherstan,ffetherstan8m@illinois.edu,729-904-4575,8119 Hooker Place
Cesaro Skeat,cskeat8n@amazon.co.jp,454-123-4817,0 Luster Trail
Saloma Reynold,sreynold8o@amazonaws.com,319-370-2329,340 Schmedeman Drive
Jolene Haddleton,jhaddleton8p@amazon.co.uk,777-769-8300,093 Gale Point
Stormie Chasemoore,schasemoore8q@wikipedia.org,537-822-1779,7828 Lunder Place
Nicoli Crossfield,ncrossfield8r@google.ru,883-171-7116,31 Dakota Terrace
Galven Codner,gcodner8s@mozilla.org,299-445-8335,61575 Lukken Road
Sissy Piff,spiff8t@jiathis.com,427-966-4800,84 Muir Lane
Kenton Hodcroft,khodcroft8u@ask.com,320-942-5201,2469 Washington Hill
Meriel Orteu,morteu8v@washington.edu,988-660-7734,951 Blaine Terrace
Gwendolyn Tayloe,gtayloe8w@storify.com,805-878-4009,41 Heffernan Center
Shaine Mazzilli,smazzilli8x@craigslist.org,962-285-8776,14 Loomis Point
Tessa Barrowclough,tbarrowclough8y@behance.net,427-281-5592,9474 Linden Parkway
Brittne Choppin,bchoppin8z@discuz.net,483-122-2516,455 Dwight Terrace
Joletta Keetch,jkeetch90@delicious.com,446-162-5905,8639 Rutledge Terrace
Isiahi Krook,ikrook91@newyorker.com,700-970-1174,4641 Sherman Alley
Jaye Mousdall,jmousdall92@oakley.com,234-877-0595,67018 Warner Way
Araldo McCaffery,amccaffery93@51.la,537-599-7271,4 Schiller Plaza
Mahmoud Seneschal,mseneschal94@thetimes.co.uk,785-697-9794,3818 Jenna Street
Conni Loud,cloud95@apache.org,573-403-0191,8 Colorado Drive
Lennard Cubitt,lcubitt96@yolasite.com,486-153-1419,2076 Golf View Place
Timmy Village,tvillage97@creativecommons.org,505-543-3373,3 Boyd Way
Vlad Beeck,vbeeck98@uol.com.br,630-494-9399,4445 Anhalt Terrace
Wilfred Botterell,wbotterell99@toplist.cz,973-256-9950,3 Sherman Center
Bentlee Parradice,bparradice9a@google.com.au,562-111-6100,48 Raven Court
Ted Lyste,tlyste9b@theatlantic.com,131-710-7768,9 Columbus Parkway
Rabbi Woodley,rwoodley9c@noaa.gov,304-835-6371,657 Haas Center
Casandra Debrett,cdebrett9d@ibm.com,618-216-0580,49087 Oriole Drive
Ron De Launde,rde9e@homestead.com,112-622-5316,72061 Birchwood Terrace
Anissa Simmins,asimmins9f@miibeian.gov.cn,206-339-7150,4 Debs Alley
Caroljean Bulman,cbulman9g@printfriendly.com,309-343-9410,77 Lake View Street
Rosaleen Winslet,rwinslet9h@cdbaby.com,846-528-3998,4361 Anzinger Street
Clayson Eakins,ceakins9i@vkontakte.ru,545-137-8030,116 Monterey Center
Sherwood Djuricic,sdjuricic9j@miibeian.gov.cn,543-751-8703,72 Dovetail Pass
Arlee Spellessy,aspellessy9k@census.gov,946-979-3396,43 Eastwood Trail
Staci Mitchel,smitchel9l@oracle.com,432-493-5327,72052 Luster Road
Fern Hryskiewicz,fhryskiewicz9m@upenn.edu,674-765-7314,4 Oneill Circle
Glad Skaif,gskaif9n@indiatimes.com,704-939-9625,35 Prairieview Hill
Mike Matyasik,mmatyasik9o@pinterest.com,794-647-8778,34005 Blue Bill Park Circle
Tory Fantham,tfantham9p@usnews.com,604-697-5996,67973 Hoard Court
Shirley Davitashvili,sdavitashvili9q@bizjournals.com,548-315-0443,58 Loomis Place
Lora Worgen,lworgen9r@nydailynews.com,376-854-1461,9171 Hanover Street
Cathee Jonuzi,cjonuzi9s@bing.com,836-171-3932,11517 Jenifer Circle
Zsazsa Thurgood,zthurgood9t@cpanel.net,525-332-6069,84 Ramsey Junction
Jed Sclanders,jsclanders9u@about.me,339-108-7251,09480 Oak Valley Plaza
Cody Cawte,ccawte9v@va.gov,455-492-5578,6 Ridgeway Alley
Janifer Hartfleet,jhartfleet9w@wunderground.com,720-389-8442,95522 Hovde Alley
Nert Harry,nharry9x@theatlantic.com,376-510-7265,6149 Manitowish Way
Elna Holde,eholde9y@hubpages.com,438-206-1995,06 Shasta Center
Jacqui Fellow,jfellow9z@fc2.com,732-873-5236,335 Hagan Drive
Fredra Oven,fovena0@fc2.com,827-914-6399,2 Sheridan Plaza
Darrin Dilleway,ddillewaya1@marketwatch.com,893-894-0268,3 Northwestern Drive
Mommy Seif,mseifa2@amazon.co.jp,316-141-9237,84 Meadow Ridge Park
Emlynne Densumbe,edensumbea3@360.cn,234-696-2275,2749 Debs Court
Alie Rapin,arapina4@yelp.com,883-855-8025,07652 Elgar Junction
Arny Ebbs,aebbsa5@ca.gov,713-698-9796,0 3rd Court
Curtis Syred,csyreda6@goo.ne.jp,681-408-6266,566 La Follette Street
Rowney Pareman,rparemana7@bizjournals.com,958-600-6406,2 Brentwood Plaza
Cymbre Tellwright,ctellwrighta8@ihg.com,314-578-6866,42465 Spaight Avenue
Adrian Aykroyd,aaykroyda9@youtube.com,210-522-9758,18896 Dovetail Circle
Byrom Coghlin,bcoghlinaa@simplemachines.org,730-731-0477,5 Hovde Circle
Ansley Gidden,agiddenab@independent.co.uk,940-779-8009,01 Thierer Plaza
Faydra Hardin,fhardinac@jugem.jp,453-282-0039,00032 Orin Alley
Madalyn Bickford,mbickfordad@so-net.ne.jp,724-538-6036,6157 Banding Court
Jobey Sherwen,jsherwenae@alibaba.com,302-630-7491,7844 John Wall Trail
Winston Reinbech,wreinbechaf@cyberchimps.com,643-560-9834,459 Shoshone Road
Lulu Billham,lbillhamag@irs.gov,136-404-3415,591 Veith Terrace
Debor Brugden,dbrugdenah@discovery.com,133-908-3336,0015 Lukken Court
Kirbee Barense,kbarenseai@dedecms.com,829-604-3440,52237 Golden Leaf Court
Ernestine Boyington,eboyingtonaj@slate.com,106-828-3913,2 Bartillon Point
Roselia Permain,rpermainak@a8.net,192-697-1751,8473 8th Lane
Ammamaria Danielian,adanielianal@nsw.gov.au,742-940-0833,949 Heath Place
Becca Gerrietz,bgerrietzam@cbsnews.com,214-551-5488,52401 Pennsylvania Parkway
Bettine Mallabund,bmallabundan@ask.com,164-717-0110,1 Arrowood Hill
Lara Mathewes,lmathewesao@wordpress.org,849-650-5747,3328 Harper Circle
Livvie Bewly,lbewlyap@buzzfeed.com,315-575-0728,811 Bartillon Point
Kaela Kippling,kkipplingaq@wikispaces.com,146-672-8192,9089 Petterle Alley
Holly Vonasek,hvonasekar@upenn.edu,737-903-2751,74371 Magdeline Road
Javier Grigorushkin,jgrigorushkinas@youtu.be,636-198-5398,2 Mendota Parkway
Alene Greest,agreestat@infoseek.co.jp,887-660-7747,1986 Commercial Hill
Artemas Abatelli,aabatelliau@netlog.com,382-845-4542,404 Golden Leaf Road
Warde Aimable,waimableav@newyorker.com,585-847-2291,99 Tony Road
Lilyan McTurley,lmcturleyaw@washingtonpost.com,567-881-1667,38696 Armistice Road
Roberto Tongue,rtongueax@quantcast.com,184-801-0289,9 Lyons Circle
Harri Newbold,hnewbolday@washington.edu,975-176-4347,9 Division Circle
Shaine Beckers,sbeckersaz@csmonitor.com,924-388-3317,2 Waubesa Pass
Enriqueta Robertson,erobertsonb0@netscape.com,433-451-9981,247 Bartelt Center
Kakalina Dudson,kdudsonb1@businessinsider.com,714-988-5836,237 Sommers Parkway
Mal Bessell,mbessellb2@cafepress.com,443-800-8171,7269 Utah Point
Toby Van Leijs,tvanb3@google.fr,184-827-9547,3 Lawn Way
Romola Hambright,rhambrightb4@linkedin.com,826-645-9400,8 Hauk Alley
Ad Kulicke,akulickeb5@ebay.co.uk,971-293-6164,89 Londonderry Hill
Laina Alpe,lalpeb6@ezinearticles.com,255-241-3943,52783 Express Way
Randie Kubal,rkubalb7@fc2.com,858-527-4487,1097 Dovetail Alley
Nathalia Dalston,ndalstonb8@sciencedaily.com,821-298-2652,17721 Buhler Pass
Tildie Gosnold,tgosnoldb9@usnews.com,826-277-2930,10425 Summer Ridge Junction
Bartie Shaplin,bshaplinba@shutterfly.com,922-746-7284,24 Green Street
Melantha O'Fallowne,mofallownebb@economist.com,156-869-6626,015 Hayes Alley
Dave Duddin,dduddinbc@symantec.com,218-275-8647,02 Manufacturers Alley
Thadeus Fendlow,tfendlowbd@naver.com,398-378-9374,69 Eagle Crest Circle
Keane Howell,khowellbe@1und1.de,160-940-1632,8 Elmside Circle
Glennie Sheara,gshearabf@cocolog-nifty.com,284-241-6712,07491 Ilene Terrace
Cherie Geertz,cgeertzbg@sphinn.com,135-503-5403,4 Boyd Road
Meggy Dennison,mdennisonbh@google.de,669-554-4334,095 Parkside Junction
Moore Westhoff,mwesthoffbi@naver.com,744-190-3436,1222 Delladonna Junction
Giustina Petow,gpetowbj@odnoklassniki.ru,761-362-7154,89359 Schmedeman Road
Jo ann Heppenspall,jannbk@cbslocal.com,947-805-4446,3 Nancy Lane
Ivonne Sussans,isussansbl@aol.com,233-865-8850,4971 Boyd Alley
Tarra Udell,tudellbm@nytimes.com,961-927-9633,95195 Katie Pass
Aileen Shank,ashankbn@cloudflare.com,690-720-1089,83673 Kensington Pass
Bernadene Dumbarton,bdumbartonbo@wisc.edu,796-940-1545,85252 Service Plaza
Vivien Ambroz,vambrozbp@printfriendly.com,254-532-7639,86 Dovetail Lane
Margalit McNerlin,mmcnerlinbq@loc.gov,816-248-1855,603 Haas Circle
Ara Roomes,aroomesbr@1und1.de,149-895-9649,177 Havey Pass
Tania Chastagnier,tchastagnierbs@usgs.gov,436-259-4609,5364 Surrey Circle
Camey Frankcombe,cfrankcombebt@earthlink.net,837-835-6153,0 Westridge Parkway
Antonio Yeandel,ayeandelbu@zdnet.com,327-338-1364,88339 Scott Trail
Vilma Swanson,vswansonbv@networksolutions.com,440-764-2124,0430 Jana Circle
Timi Poytheras,tpoytherasbw@seattletimes.com,435-670-1959,9 Cherokee Drive
Lonnie de Clerc,ldebx@cpanel.net,480-376-1110,57 Chinook Lane
Natalya Ratt,nrattby@uol.com.br,289-866-0949,6511 Thackeray Street
Aida Caller,acallerbz@sitemeter.com,470-981-7276,914 Boyd Alley
Mindy Mabbott,mmabbottc0@scribd.com,859-756-2693,201 Namekagon Center
Larisa Dunsire,ldunsirec1@who.int,260-746-2738,44 Pierstorff Center
Juliann Delucia,jdeluciac2@businesswire.com,536-422-7133,2093 Division Park
Hersh Teasell,hteasellc3@ning.com,492-994-7630,71159 Nevada Avenue
Carola Jarvie,cjarviec4@senate.gov,499-807-7354,5580 Duke Park
Britni Grain,bgrainc5@csmonitor.com,250-496-7879,85059 Express Place
Simmonds Brymner,sbrymnerc6@artisteer.com,246-118-0415,75 Pleasure Parkway
Ralina Gasking,rgaskingc7@ifeng.com,516-799-7864,664 Continental Road
Maren Olliar,molliarc8@xinhuanet.com,652-208-1555,271 Hauk Trail
Dolph Duncan,dduncanc9@gizmodo.com,366-643-1394,2361 Mandrake Drive
Puff Bointon,pbointonca@mlb.com,350-766-5857,23 Lawn Center
Vince Colecrough,vcolecroughcb@go.com,347-973-9345,65 Messerschmidt Road
Zonda Blackett,zblackettcc@4shared.com,489-691-4228,63402 Elgar Park
Finlay Woolland,fwoollandcd@who.int,633-588-2716,30924 Hermina Lane
Broderick Hruska,bhruskace@1und1.de,295-640-1512,5 2nd Terrace
Ranee Janks,rjankscf@unblog.fr,951-807-5165,2421 Pleasure Lane
Kerwin McCloughen,kmccloughencg@godaddy.com,743-367-8357,9 Vernon Park
Roselle Zaniolini,rzaniolinich@over-blog.com,837-114-5202,11 Susan Center
Cathryn Rivers,criversci@arstechnica.com,393-740-6899,64 Chive Lane
Seward Gummery,sgummerycj@chron.com,980-124-9341,19837 North Hill
Ferdie Mephan,fmephanck@ovh.net,388-715-8450,504 Texas Circle
Marin Thorp,mthorpcl@com.com,468-340-7544,0 Novick Plaza
Rodrique Conws,rconwscm@whitehouse.gov,801-171-4651,0 7th Terrace
Vassili Twort,vtwortcn@smh.com.au,875-272-5572,4 Maryland Court
Sasha Crighten,scrightenco@telegraph.co.uk,307-893-6614,30 Gale Court
Sile Tyne,stynecp@w3.org,698-201-3222,24615 Harper Lane
Edwin Emblin,eemblincq@biglobe.ne.jp,591-520-0636,69 Norway Maple Parkway
Donelle McCaghan,dmccaghancr@seattletimes.com,965-608-0993,3588 Mendota Trail
Aurelie Govan,agovancs@youku.com,949-335-2775,011 Artisan Street
Catharina Manifold,cmanifoldct@netscape.com,765-148-4627,546 Fulton Crossing
Had Pitchford,hpitchfordcu@shutterfly.com,332-419-2369,2270 Canary Drive
Colet Wolfinger,cwolfingercv@economist.com,626-832-9238,2 Mayfield Hill
Jodie Liveing,jliveingcw@cargocollective.com,960-408-9668,833 Everett Plaza
Glynnis Smeath,gsmeathcx@baidu.com,258-569-7539,51 Straubel Drive
Bennett Fury,bfurycy@nbcnews.com,699-162-4942,8 Huxley Avenue
Audrie Valance,avalancecz@blogger.com,446-977-3126,1584 Oriole Way
Tabor Linstead,tlinsteadd0@ustream.tv,819-539-5554,43 Old Shore Junction
Arlette Hendrix,ahendrixd1@slate.com,726-353-4820,92083 Orin Street
Didi Okenden,dokendend2@naver.com,108-450-2924,357 Eggendart Parkway
Dita Galland,dgallandd3@lycos.com,126-137-5847,2 Aberg Alley
Amaleta Schlagtmans,aschlagtmansd4@slate.com,112-838-5939,06650 Havey Drive
Charley Boldison,cboldisond5@bravesites.com,585-693-2505,1 Judy Terrace
Janine Beevor,jbeevord6@digg.com,809-522-9612,41 Moulton Pass
Rebecka Gwynn,rgwynnd7@webs.com,810-901-3873,9246 Continental Plaza
Shauna Kinnar,skinnard8@japanpost.jp,485-310-8579,224 Porter Point
Marty Tortoise,mtortoised9@yelp.com,929-422-3672,041 Dixon Street
Sibella Itzhaiek,sitzhaiekda@microsoft.com,987-408-0947,96 Scofield Alley
Florina Rigardeau,frigardeaudb@google.fr,312-346-1406,1 Ronald Regan Park
Jaime Bertram,jbertramdc@blog.com,221-585-2737,3230 Fordem Place
Patric Golsthorp,pgolsthorpdd@comcast.net,990-372-6188,00 Quincy Crossing
Heida Canedo,hcanedode@dagondesign.com,230-697-9465,1093 Tony Center
Rachelle Ibbeson,ribbesondf@over-blog.com,800-708-3589,53 Drewry Alley
Bale Feeney,bfeeneydg@freewebs.com,454-700-9397,317 Vera Parkway
Collin Wotherspoon,cwotherspoondh@wikipedia.org,872-432-0020,13 Ludington Hill
Marisa Prinne,mprinnedi@noaa.gov,221-759-8494,89973 Bultman Trail
Hakeem Cordero,hcorderodj@cocolog-nifty.com,820-789-9953,84604 Schmedeman Street
Glyn Coates,gcoatesdk@hubpages.com,568-352-9731,42 Anzinger Way
Ellette Slobom,eslobomdl@delicious.com,643-789-4253,24 Granby Trail
Temple Aylen,taylendm@gov.uk,396-414-6791,67180 Superior Hill
Gilly Dooland,gdoolanddn@phpbb.com,275-166-2099,1 Burning Wood Road
Jarred Brazelton,jbrazeltondo@vimeo.com,280-212-2123,448 Transport Alley
Angelika Shubotham,ashubothamdp@dagondesign.com,815-668-4108,83 Westridge Street
Meggy Loughead,mlougheaddq@t.co,461-178-9811,74 Weeping Birch Trail
Tommi Tyas,ttyasdr@whitehouse.gov,649-300-6473,392 Londonderry Park
Eula Brent,ebrentds@amazon.com,908-240-3144,880 Springview Road
Fritz Izkovici,fizkovicidt@yahoo.co.jp,493-507-9000,42 Monument Lane
Gunar Sugge,gsuggedu@e-recht24.de,765-902-2216,1244 Myrtle Pass
Edvard Tysall,etysalldv@last.fm,567-263-0925,61 Bunker Hill Point
Jethro Holah,jholahdw@ucla.edu,995-994-9835,54 Drewry Alley
Anne Spring,aspringdx@blogger.com,989-284-6039,443 Mallard Center
Theresina Mansuer,tmansuerdy@themeforest.net,966-714-1328,181 Florence Lane
Roze Adshede,radshededz@bizjournals.com,554-451-5257,0401 Packers Crossing
Grant Lowater,glowatere0@usa.gov,179-794-6539,946 Main Court
Henri Stovold,hstovolde1@elpais.com,422-202-6920,80 Center Pass
Romola Savery,rsaverye2@vkontakte.ru,185-466-3309,57 Mccormick Place
Elliot Mintoft,emintofte3@mashable.com,719-965-7273,553 Tennyson Terrace
Noel Janicki,njanickie4@time.com,386-954-8815,8 Hollow Ridge Alley
Filia McWilliam,fmcwilliame5@networkadvertising.org,385-848-2852,7828 Parkside Court
Marietta Hauck,mhaucke6@virginia.edu,510-299-6065,7 Hovde Pass
Fred Le Gassick,flee7@discovery.com,756-503-0238,139 Westend Pass
Anissa Kender,akendere8@telegraph.co.uk,735-225-3474,43985 Dapin Trail
Pattie Gell,pgelle9@sciencedirect.com,659-137-3978,7783 Helena Park
Rochette Pavlik,rpavlikea@bizjournals.com,544-269-4777,61 Bartillon Terrace
Jaquelyn Grichukhin,jgrichukhineb@dot.gov,156-608-8050,8924 Golf Course Drive
Shay Kitt,skittec@harvard.edu,756-224-7435,1516 Moland Alley
Isador Sellar,isellared@purevolume.com,367-358-5481,5766 Butterfield Pass
Ruthy Blackmore,rblackmoreee@naver.com,304-836-6211,91 Mandrake Road
Melisande Gladebeck,mgladebeckef@usgs.gov,137-361-6908,144 Dunning Parkway
Alexandros Lowey,aloweyeg@deliciousdays.com,643-845-5360,899 Ridgeview Trail
Rebecka Gabrieli,rgabrielieh@theglobeandmail.com,758-139-0377,5211 Elka Place
Vic Pfeiffer,vpfeifferei@phoca.cz,977-599-6570,04638 Elgar Alley
Jacki Barbier,jbarbierej@woothemes.com,686-762-2558,5485 Meadow Vale Junction
Francois MacTeague,fmacteagueek@mozilla.com,118-153-2913,31 Grover Court
Nicola Lovell,nlovellel@jigsy.com,642-131-8607,0 Lunder Junction
Shepherd Talman,stalmanem@aol.com,916-646-3259,4598 Main Crossing
Jervis Rosbottom,jrosbottomen@dropbox.com,127-130-9752,5 Haas Alley
Linell Freshwater,lfreshwatereo@forbes.com,311-105-1522,2 Nancy Alley
Ring Duddy,rduddyep@economist.com,512-931-3599,9 Ronald Regan Trail
Grannie Slater,gslatereq@hp.com,976-160-9724,16 Di Loreto Plaza
Jeanette Mabbott,jmabbotter@statcounter.com,217-770-5244,7 Montana Trail
Gerry Staddom,gstaddomes@studiopress.com,832-620-3223,53 Corry Plaza
Briny Aronin,baroninet@godaddy.com,160-392-4727,814 Rieder Park
Estelle Browse,ebrowseeu@google.nl,921-646-2822,398 Packers Place
Onfroi Giroldi,ogiroldiev@twitpic.com,268-345-3714,373 Vidon Parkway
Syman Mellem,smellemew@scientificamerican.com,601-721-2209,347 Birchwood Circle
Eddi Domenicone,edomeniconeex@alexa.com,882-572-7706,621 Sachs Point
Carr Vials,cvialsey@xing.com,516-526-5134,5 Larry Avenue
Sofie Kun,skunez@feedburner.com,468-254-5017,64717 Columbus Drive
Ophelie Greensite,ogreensitef0@cbc.ca,229-410-2170,082 Iowa Circle
Diannne Umfrey,dumfreyf1@aol.com,159-455-2404,4074 Morning Lane
Cullin Cawthorn,ccawthornf2@icio.us,519-720-8757,909 Mallory Way
Zacharias Swalteridge,zswalteridgef3@biglobe.ne.jp,552-808-5762,9 Prairieview Point
Jenda Imlin,jimlinf4@usda.gov,546-206-2078,6 Cascade Park
Michaelina Cairney,mcairneyf5@webmd.com,316-907-4972,48 Sauthoff Pass
Grace Burgess,gburgessf6@purevolume.com,448-250-7517,91 Mallard Terrace
Luciana Charer,lcharerf7@people.com.cn,754-944-1251,9434 Summerview Center
Ignacius Thorn,ithornf8@themeforest.net,316-719-4072,739 Iowa Drive
Mordecai Leidl,mleidlf9@tumblr.com,934-800-0781,55243 Burning Wood Circle
Brig Farmery,bfarmeryfa@yellowpages.com,894-907-0521,692 Center Avenue
Staci Chilley,schilleyfb@behance.net,109-470-1601,27080 Warner Street
Robbin Paolone,rpaolonefc@symantec.com,218-614-2198,3852 Namekagon Terrace
Garek Yanuk,gyanukfd@networkadvertising.org,202-768-9441,635 Holmberg Alley
Adaline Stennine,astenninefe@vimeo.com,958-125-2434,47 Hayes Court
Gail O' Hogan,goff@scientificamerican.com,256-725-3445,409 Dapin Lane
Lorianna Collumbell,lcollumbellfg@howstuffworks.com,197-923-3467,7 Reinke Drive
Godwin Tabner,gtabnerfh@ucoz.ru,660-607-6774,9 Mifflin Court
Lemar Hollington,lhollingtonfi@prweb.com,682-902-3300,1 School Center
Vernon Whooley,vwhooleyfj@alibaba.com,416-676-9355,2 Eliot Court
Kenon Stallon,kstallonfk@reference.com,565-806-1622,74454 Del Mar Drive
Nealy Bengefield,nbengefieldfl@slideshare.net,572-875-4223,5610 Arkansas Terrace
Jorry Ianizzi,jianizzifm@home.pl,560-693-9564,54 Shasta Park
Kaitlin Nickolls,knickollsfn@telegraph.co.uk,338-671-2110,66118 Buhler Drive
Marnie Leile,mleilefo@addthis.com,573-205-2022,0133 Beilfuss Street
Bertha Melan,bmelanfp@netvibes.com,155-431-8458,94 Maple Point
Lorinda Cramond,lcramondfq@taobao.com,321-497-0186,30931 Havey Road
Rita Sola,rsolafr@gravatar.com,146-346-7457,26198 Moose Crossing
Lisbeth Slainey,lslaineyfs@deviantart.com,494-549-8885,543 Basil Way
Ivy Louiset,ilouisetft@about.com,452-853-3938,703 Delladonna Road
Fairfax Lundbech,flundbechfu@fotki.com,766-622-4729,5 Anderson Trail
Humfrey Morgan,hmorganfv@technorati.com,371-486-7446,6 Armistice Circle
Abby Handaside,ahandasidefw@ibm.com,341-546-2295,5 American Road
Josephina Algore,jalgorefx@census.gov,254-423-2801,024 Merchant Road
Denny Merredy,dmerredyfy@vimeo.com,854-231-9795,083 Morrow Center
Ingrim Beckham,ibeckhamfz@google.es,531-913-0400,3 Thompson Place
Chrystal Blakemore,cblakemoreg0@behance.net,190-571-8023,83818 Dexter Park
Caryn Peskin,cpesking1@fastcompany.com,452-679-4950,15 Spaight Center
Constantin Houndesome,choundesomeg2@usgs.gov,668-651-0466,21647 Summerview Center
Jody Cutbush,jcutbushg3@dion.ne.jp,487-954-0959,4 Bultman Parkway
Herbert Giovanardi,hgiovanardig4@answers.com,887-258-2377,8733 Ilene Junction
Paxton Leahair,pleahairg5@usatoday.com,824-141-2211,23732 Arrowood Avenue
Valentin Draayer,vdraayerg6@nymag.com,393-439-9811,48 Schlimgen Junction
Barri Yackiminie,byackiminieg7@usa.gov,701-560-2959,3 Tomscot Street
Rayshell Sail,rsailg8@nature.com,216-795-9149,3693 Pepper Wood Pass
Bent Woollaston,bwoollastong9@cbslocal.com,810-462-0249,363 Doe Crossing Lane
Pattie Biaggioli,pbiaggioliga@cbsnews.com,247-555-5279,82787 Elgar Center
Neall Goldstraw,ngoldstrawgb@goodreads.com,455-853-3914,582 Hanover Circle
Townsend Rings,tringsgc@ovh.net,564-697-0098,20 Spaight Terrace
Kali Gruszecki,kgruszeckigd@nasa.gov,244-341-7365,122 Oak Junction
Hetty Amberger,hambergerge@slideshare.net,947-384-0904,4993 Dixon Terrace
Mildred Delea,mdeleagf@jimdo.com,599-353-2931,539 Birchwood Place
Wyndham Cassam,wcassamgg@dell.com,799-973-3935,145 Columbus Court
Maryjane Cagan,mcagangh@sohu.com,996-788-0702,71 Algoma Junction
Jessie Lincey,jlinceygi@indiegogo.com,369-663-8088,22 Eastlawn Plaza
Ursulina Shitliff,ushitliffgj@amazonaws.com,393-994-5320,06 Service Place
Ermanno Cicerone,eciceronegk@blogs.com,869-895-5040,10 Westridge Way
Emmalee Yoell,eyoellgl@cbsnews.com,972-805-5991,4103 Hallows Drive
Fielding Forsard,fforsardgm@about.me,559-641-8797,22 Tennyson Plaza
Mina Worg,mworggn@forbes.com,998-268-4863,00 Kings Road
Mathias Crosgrove,mcrosgrovego@twitpic.com,154-962-2610,31443 Golf Drive
Sara Bouchard,sbouchardgp@typepad.com,150-172-4957,3332 Autumn Leaf Point
Robinet Penk,rpenkgq@gravatar.com,830-197-4168,19 Oakridge Parkway
Jenine Breffitt,jbreffittgr@google.com,389-182-0802,3437 Dryden Court
Valerye Enrique,venriquegs@rediff.com,511-462-3121,08598 American Ash Avenue
Willamina De Santos,wdegt@exblog.jp,413-818-2600,2 Dryden Crossing
Everard Muggeridge,emuggeridgegu@elpais.com,936-559-9466,09998 Petterle Parkway
Schuyler Lambricht,slambrichtgv@house.gov,881-204-9102,26732 Transport Place
Margret Quaintance,mquaintancegw@nih.gov,272-700-8550,4265 Starling Road
Huntington Theaker,htheakergx@mapy.cz,143-579-5692,3939 Monument Point
Greg Magwood,gmagwoodgy@wix.com,259-433-2836,9 Meadow Valley Lane
Perren Jezard,pjezardgz@fastcompany.com,238-683-1128,79 Moulton Drive
Genni Mcwhinney,gmcwhinneyh0@bloglines.com,594-171-9999,77 Maple Lane
Robin Sherel,rsherelh1@furl.net,417-467-8236,6163 Anthes Avenue
Mathilde Odda,moddah2@yelp.com,509-908-7434,25 Schiller Place
Terri-jo Grigsby,tgrigsbyh3@pcworld.com,318-459-6309,630 Steensland Center
Merwyn Commin,mcomminh4@ox.ac.uk,993-985-7699,55 Arkansas Center
Orelee Selland,osellandh5@dropbox.com,894-426-3992,9 Macpherson Crossing
Conan Baxandall,cbaxandallh6@mediafire.com,561-799-5531,0034 Mockingbird Court
Nanny Yeoman,nyeomanh7@youku.com,895-180-5198,00749 Killdeer Court
Courtenay Kilford,ckilfordh8@qq.com,548-313-0353,21760 Mariners Cove Parkway
Felicia Jenks,fjenksh9@intel.com,223-986-5384,89380 Florence Terrace
Pietro Follett,pfollettha@ebay.com,732-315-5648,17 Browning Parkway
Rancell Cowthart,rcowtharthb@behance.net,760-947-4996,596 Blaine Alley
Helyn Alloway,hallowayhc@ow.ly,278-958-1583,28336 Gale Street
Tadio MacMaster,tmacmasterhd@odnoklassniki.ru,199-713-6036,3051 Vera Plaza
Lorelle Gillivrie,lgillivriehe@bloglovin.com,405-977-8512,8561 Lerdahl Junction
Noemi Schleswig-Holstein,nschleswigholsteinhf@hud.gov,239-836-8432,9975 Debra Lane
Dilly Pedrocco,dpedroccohg@skype.com,724-889-0812,88502 Lindbergh Center
Dana Foxon,dfoxonhh@nyu.edu,866-343-4955,04 Glendale Lane
Skelly MacKall,smackallhi@github.io,549-912-1086,2 Golf Park
Arlena Francomb,afrancombhj@soup.io,517-235-5672,270 Delaware Lane
Flem Ryley,fryleyhk@sciencedirect.com,973-791-6911,19678 Reinke Park
Florie Peddar,fpeddarhl@pagesperso-orange.fr,895-155-1290,69792 Reindahl Crossing
Bartlet Beert,bbeerthm@163.com,638-989-3813,86 Kensington Park
Kyle Wyley,kwyleyhn@salon.com,879-451-6297,246 Cardinal Place
Darleen Retallack,dretallackho@g.co,118-807-2341,8 Dayton Alley
Hannie Surr,hsurrhp@ucoz.ru,665-650-0266,61444 Leroy Pass
Alaster Keay,akeayhq@wiley.com,596-526-9344,6 Scott Trail
Jordana Bish,jbishhr@google.co.jp,623-551-3492,8 Glacier Hill Trail
Albrecht Ellph,aellphhs@macromedia.com,480-543-1321,2678 Stone Corner Place
Hermann Resun,hresunht@fda.gov,382-489-6851,63 Forest Park
Luce Ovendale,lovendalehu@mozilla.org,749-171-9921,92782 Anderson Street
Calida Huggin,chugginhv@about.com,933-596-8046,24 Sundown Parkway
Annabel Cockshot,acockshothw@addthis.com,594-266-7467,871 Bartillon Trail
Elmo McClintock,emcclintockhx@skyrock.com,853-348-6061,3 5th Hill
Lucinda Braybrookes,lbraybrookeshy@goo.ne.jp,645-121-9669,82772 Fallview Crossing
Danette Slocum,dslocumhz@e-recht24.de,728-575-1390,78 Forest Circle
Alonzo Sheahan,asheahani0@vistaprint.com,879-716-6862,21 Meadow Vale Alley
Kacie Fincham,kfinchami1@google.ru,401-793-0374,0851 Prairieview Alley
Nanete Anstis,nanstisi2@issuu.com,800-875-1021,0 Park Meadow Center
Roselia Steer,rsteeri3@angelfire.com,864-417-4370,83012 Nelson Terrace
Chaim Normington,cnormingtoni4@github.io,859-533-3445,5 North Alley
Sharona Longworthy,slongworthyi5@youtube.com,386-943-3841,7 Trailsway Hill
Hillie Enion,henioni6@dyndns.org,916-256-4335,4600 Buena Vista Point
Garrott Dunkley,gdunkleyi7@stanford.edu,854-467-4949,62196 Bay Center
Siobhan Frill,sfrilli8@walmart.com,505-439-9876,3819 Novick Plaza
Morse Dewberry,mdewberryi9@rediff.com,709-286-9342,86886 Gateway Parkway
Donella Fernao,dfernaoia@usa.gov,614-982-4742,489 Erie Circle
Libbi Blackly,lblacklyib@ftc.gov,450-526-0839,06 Huxley Park
Emmott Donnan,edonnanic@huffingtonpost.com,733-179-1890,19197 Jenna Point
Haily Heibel,hheibelid@marriott.com,335-701-0403,8215 6th Junction
Brandie Jandak,bjandakie@webmd.com,795-750-3529,769 Dakota Crossing
Tirrell Wilds,twildsif@reuters.com,239-339-6940,1 Lotheville Drive
Peterus Millhill,pmillhillig@sohu.com,685-708-0936,6379 Oxford Circle
Cyndi Fere,cfereih@ehow.com,732-671-1282,48088 Schurz Terrace
Chev Masse,cmasseii@canalblog.com,816-313-6099,7 Continental Hill
Karen Malpas,kmalpasij@examiner.com,877-999-0342,69436 Steensland Trail
Morissa McIlwrath,mmcilwrathik@ocn.ne.jp,989-689-3968,05175 Aberg Plaza
Laura Cason,lcasonil@abc.net.au,742-584-8573,92 Mayer Circle
Kelly Whitehair,kwhitehairim@apache.org,215-394-2059,3 Meadow Vale Plaza
Rooney Dabrowski,rdabrowskiin@mail.ru,730-535-7649,41 Schlimgen Street
Jany Rapley,jrapleyio@yelp.com,242-903-1841,6942 Sundown Street
Dona Gilhouley,dgilhouleyip@senate.gov,576-703-9911,2523 Monica Alley
Star Dougherty,sdoughertyiq@privacy.gov.au,727-877-2848,420 Lukken Avenue
Marybelle Murfett,mmurfettir@gmpg.org,340-205-6075,88553 Northport Avenue
Katherina Pudsey,kpudseyis@edublogs.org,787-815-9523,788 Birchwood Park
Conway Longson,clongsonit@indiatimes.com,876-677-1212,44 David Trail
Torrance Boreham,tborehamiu@geocities.com,930-227-9053,2 Crowley Road
Germain Kivlin,gkivliniv@tmall.com,145-948-7711,1882 Bartillon Alley
Tymothy Cavan,tcavaniw@goo.ne.jp,902-392-3062,2 East Hill
Leslie Blick,lblickix@google.com.br,164-532-2241,2861 6th Terrace
Saraann Melchior,smelchioriy@ucla.edu,749-676-1009,086 Barnett Lane
Bertine Blown,bblowniz@latimes.com,226-433-3051,7961 Carey Terrace
Hollie Strowan,hstrowanj0@com.com,524-476-1358,1172 Manufacturers Way
Laughton Langstone,llangstonej1@reverbnation.com,104-103-7691,9 Anhalt Terrace
Dionisio Ianinotti,dianinottij2@economist.com,461-725-8884,02 Mandrake Road
Wayland Rottger,wrottgerj3@europa.eu,731-124-3501,21430 Menomonie Trail
Peria Philippsohn,pphilippsohnj4@bloomberg.com,607-887-5759,52 Arizona Trail
Meghan Gomby,mgombyj5@shop-pro.jp,921-426-4501,25 Northland Avenue
Darda Sharpus,dsharpusj6@topsy.com,287-468-0029,189 Waubesa Trail
Hersch McPeck,hmcpeckj7@creativecommons.org,632-298-9743,357 Eagle Crest Drive
Maurene Trebilcock,mtrebilcockj8@va.gov,678-911-0260,863 Miller Road
Carlyle Fairbard,cfairbardj9@jimdo.com,427-454-7949,173 Bobwhite Circle
Celia Wellstood,cwellstoodja@wikimedia.org,516-465-4465,88 Fremont Road
Kaye Farnish,kfarnishjb@bing.com,919-681-9752,1172 Sutteridge Drive
Cly Carryer,ccarryerjc@netscape.com,670-163-3482,11 Oneill Road
Val Josifovitz,vjosifovitzjd@imgur.com,303-456-5150,97248 Dennis Park
Bernadina Abrahamsson,babrahamssonje@narod.ru,869-437-2711,53861 Barby Hill
Ladonna Richardt,lrichardtjf@bbb.org,740-378-6591,43320 Chinook Terrace
Bald Lampert,blampertjg@joomla.org,130-107-7589,06594 Park Meadow Park
Rustie Curthoys,rcurthoysjh@engadget.com,376-780-5779,76 Lerdahl Lane
Filmer Gore,fgoreji@github.io,130-704-5662,72756 Beilfuss Lane
Kiel Eydel,keydeljj@ed.gov,121-527-4975,25207 Continental Way
Simeon Ebden,sebdenjk@pcworld.com,887-473-8315,460 Wayridge Court
Geordie Burnet,gburnetjl@e-recht24.de,539-471-5151,89188 Grasskamp Court
Merrily Tran,mtranjm@mozilla.com,296-187-3864,76718 Arizona Drive
Brita Golightly,bgolightlyjn@paginegialle.it,205-690-7056,46 Chinook Place
Ugo Tweedie,utweediejo@nba.com,495-965-1156,1 Clyde Gallagher Alley
Ginelle Boldero,gbolderojp@ox.ac.uk,730-484-7822,0003 Novick Avenue
Jaimie Tunsley,jtunsleyjq@umn.edu,113-381-4835,341 Cottonwood Pass
Rozina Isenor,risenorjr@businessinsider.com,855-780-4262,9426 Becker Street
Ravi Coultass,rcoultassjs@sohu.com,805-511-1313,631 Charing Cross Way
Myrta Sayles,msaylesjt@walmart.com,634-470-7426,3041 Fuller Street
Holly Shilleto,hshilletoju@alexa.com,202-474-8384,52660 Norway Maple Point
Dione Hearty,dheartyjv@unesco.org,141-361-6795,919 Kennedy Terrace
Kelley Shute,kshutejw@loc.gov,581-308-5417,37 Prairie Rose Circle
Belinda Ropking,bropkingjx@yelp.com,180-166-3134,09 Ridge Oak Way
Kelcey Greatbank,kgreatbankjy@nyu.edu,738-774-2192,15584 Larry Circle
Gavra Lyttle,glyttlejz@nps.gov,837-905-9734,00232 Eliot Crossing
Sofia Hassekl,shasseklk0@blogspot.com,730-420-4663,06120 Mandrake Way
Holden Hundell,hhundellk1@nbcnews.com,110-244-9310,7682 Ryan Street
Maisie Vercruysse,mvercruyssek2@comsenz.com,490-102-4722,1 Anhalt Road
Cher Punton,cpuntonk3@blogs.com,469-280-1761,3 Pond Park
Wilbert Julyan,wjulyank4@answers.com,679-844-7476,7780 Menomonie Drive
Audrie Jakab,ajakabk5@cocolog-nifty.com,317-944-8046,432 Hudson Road
Cilka Lys,clysk6@g.co,979-985-5044,808 Knutson Circle
Abel McKune,amckunek7@about.com,779-856-8026,52 Holmberg Parkway
Harwell Gotecliffe,hgotecliffek8@hao123.com,343-218-9660,82 Grasskamp Trail
Freddie Crasswell,fcrasswellk9@usda.gov,901-493-5127,90796 Moland Terrace
Andre Strawbridge,astrawbridgeka@sun.com,882-790-8990,2 Surrey Circle
Yuri Levin,ylevinkb@bizjournals.com,344-766-0221,27863 Sherman Drive
Frederigo Stannett,fstannettkc@mit.edu,502-273-8209,5105 Bonner Drive
Ase Malter,amalterkd@blogs.com,334-941-7248,7846 Hermina Road
Fredrick Creek,fcreekke@creativecommons.org,574-248-6267,4 Roth Terrace
Clarance Laundon,claundonkf@independent.co.uk,685-778-7673,557 Holmberg Avenue
Laurence Hillhouse,lhillhousekg@ask.com,446-666-7038,17011 Lotheville Court
Vitoria Sprason,vsprasonkh@nih.gov,196-316-4114,186 Kensington Alley
Dorian Ramalhete,dramalheteki@angelfire.com,235-718-2468,95029 Hollow Ridge Center
Rubi Reilinger,rreilingerkj@amazon.com,558-440-4191,7589 Amoth Trail
Brien Lawranson,blawransonkk@bloglovin.com,358-748-5525,2 Sommers Trail
Eve Mutter,emutterkl@feedburner.com,943-688-8704,0 Anhalt Street
Giff Tortis,gtortiskm@theglobeandmail.com,663-112-8117,933 Forest Dale Court
Phyllis Heikkinen,pheikkinenkn@booking.com,419-115-1637,11613 Jana Circle
Ronda Fayer,rfayerko@360.cn,863-207-8106,40846 Dryden Street
Joy Maso,jmasokp@yelp.com,684-500-2746,76655 Hanover Point
Jedd Rollason,jrollasonkq@youtu.be,707-491-4107,358 Sunbrook Avenue
Laraine Lawson,llawsonkr@google.com.au,804-509-0429,80 Blackbird Circle
Walther Veck,wveckks@salon.com,842-491-9460,764 Randy Hill
Yelena McPhater,ymcphaterkt@addthis.com,849-286-1410,321 Ilene Place
Boyce Van,bvanku@homestead.com,952-251-7093,62 Badeau Point
Aldric O'Donegan,aodonegankv@state.tx.us,122-111-5311,0 Dennis Junction
Clarie Lahiff,clahiffkw@webnode.com,235-318-1344,330 Scott Pass
Read Toffoletto,rtoffolettokx@amazon.com,312-217-5108,6 Spenser Plaza
Augustina Raynes,araynesky@pagesperso-orange.fr,680-668-6275,7381 Sutherland Crossing
Junina Voisey,jvoiseykz@smh.com.au,696-411-0054,3103 Westend Way
Augustus Goodding,agooddingl0@dagondesign.com,684-695-6853,590 Dahle Street
Larisa Kirtland,lkirtlandl1@rediff.com,528-979-3209,1780 Westridge Alley
Zitella Gannan,zgannanl2@dropbox.com,976-885-8508,126 Mesta Place
Britney Leadstone,bleadstonel3@earthlink.net,589-646-7049,41 High Crossing Road
Filippo Hagston,fhagstonl4@dailymotion.com,126-721-5669,10488 Merchant Plaza
Ware Grinsted,wgrinstedl5@umich.edu,585-564-1409,64646 Knutson Avenue
Miranda Vedenisov,mvedenisovl6@engadget.com,452-218-4798,83 6th Road
Rasia Paydon,rpaydonl7@telegraph.co.uk,794-253-0193,49502 Schurz Crossing
Armando MacIan,amacianl8@un.org,329-412-1098,07 Northport Court
Arch Brugden,abrugdenl9@blog.com,982-890-0534,2455 Corscot Place
Kristan Ovenell,kovenellla@surveymonkey.com,969-661-2225,21291 Debra Drive
Kendricks Plomer,kplomerlb@time.com,773-572-8651,3878 Aberg Crossing
Lynea McCormack,lmccormacklc@apple.com,846-361-1822,9 Center Place
Sonya Laydon,slaydonld@netlog.com,144-637-5383,4400 7th Parkway
Barney Tutin,btutinle@netvibes.com,213-345-2141,904 Morningstar Center
Sergei Aindrais,saindraislf@mlb.com,661-686-0442,8 Havey Place
Silvio Astle,sastlelg@topsy.com,866-525-7256,0 Kingsford Alley
Mercy Brunger,mbrungerlh@odnoklassniki.ru,673-444-0709,3 Ludington Plaza
Gilberte Toffanini,gtoffaninili@desdev.cn,536-843-6062,32 Beilfuss Center
Ree Jacomb,rjacomblj@deviantart.com,547-318-2985,15 Center Terrace
Gran MacTrustie,gmactrustielk@mozilla.org,715-524-1594,6439 Manitowish Parkway
Amye Stilldale,astilldalell@skype.com,523-551-0592,2 Holmberg Pass
Cyrill Stanning,cstanninglm@gnu.org,144-727-8154,5 Becker Pass
Eli Durbin,edurbinln@linkedin.com,399-722-2573,5 Bunker Hill Place
Trstram Ruvel,truvello@redcross.org,386-974-8200,62 Melrose Plaza
Jenna Vallis,jvallislp@blogger.com,307-817-2904,32 Johnson Trail
Jeannie Bolin,jbolinlq@pcworld.com,110-489-3915,17950 Schmedeman Road
Steffi Peatheyjohns,speatheyjohnslr@telegraph.co.uk,528-365-6272,59831 Hayes Way
Conrad Theurer,ctheurerls@goo.gl,437-952-3426,51 Mcbride Crossing
Doris Prendeguest,dprendeguestlt@google.com.br,229-703-6631,0 Spohn Street
Arleyne Klulik,akluliklu@deliciousdays.com,985-684-3420,7 Dapin Hill
Tynan Cressingham,tcressinghamlv@un.org,747-814-6505,6295 Novick Street
Lindsey Wigan,lwiganlw@sogou.com,803-112-4361,74 Harper Parkway
Mattie Bulstrode,mbulstrodelx@google.ca,128-758-7793,51522 Dwight Place
Esme Duchateau,educhateauly@free.fr,309-642-4914,32803 Lerdahl Avenue
Lorette Batchellor,lbatchellorlz@lycos.com,829-187-3188,946 Esker Hill
Maynord Schouthede,mschouthedem0@toplist.cz,394-265-5107,3 Washington Avenue
Arty Caddick,acaddickm1@sourceforge.net,623-391-3130,3 Ruskin Crossing
Sheri Toma,stomam2@naver.com,693-868-6239,52 Knutson Alley
Anabal Dener,adenerm3@dion.ne.jp,798-650-6068,32186 Kipling Terrace
Ricoriki Sherrington,rsherringtonm4@about.com,910-164-4157,041 Homewood Drive
Jobi Douce,jdoucem5@irs.gov,673-470-5476,2366 Dapin Plaza
Morganica Gartin,mgartinm6@yale.edu,444-442-5155,07280 Eagan Road
Arielle Coxen,acoxenm7@altervista.org,582-613-5404,117 Crownhardt Drive
Johnnie Miner,jminerm8@prweb.com,604-558-9664,9 Dakota Place
Arlette Clother,aclotherm9@reddit.com,646-197-6099,86588 Hoffman Pass
Pammie Mayger,pmaygerma@meetup.com,553-275-9064,09379 Golf Course Alley
Austina Ainscow,aainscowmb@diigo.com,898-641-1730,199 Sullivan Alley
Gerta Dickon,gdickonmc@linkedin.com,928-182-6941,0 Hallows Junction
Darbie Gamil,dgamilmd@lulu.com,326-609-2897,49280 Tomscot Trail
Kassey Jira,kjirame@europa.eu,121-571-4869,1259 Clyde Gallagher Avenue
Jamima O'Cosgra,jocosgramf@pagesperso-orange.fr,216-863-7437,88 Independence Circle
Aldin Coale,acoalemg@360.cn,547-250-4533,50371 Marcy Place
Morry Barkes,mbarkesmh@paginegialle.it,838-607-5964,79136 Main Plaza
Nichols Usmar,nusmarmi@printfriendly.com,323-770-7914,0 Monica Hill
Alic Greave,agreavemj@yahoo.co.jp,207-448-7390,8202 Calypso Trail
Sullivan Blague,sblaguemk@a8.net,318-363-4980,03024 Randy Point
Dillie Sturman,dsturmanml@oaic.gov.au,488-143-5957,10413 Tennyson Circle
Freda Fold,ffoldmm@fc2.com,137-998-3889,7 Pond Court
Allyn Cullin,acullinmn@irs.gov,211-726-7204,7 Charing Cross Avenue
Barris Van T'Hoog,bvanmo@purevolume.com,652-620-1414,55 Debra Parkway
Cyril Gatenby,cgatenbymp@blogspot.com,224-428-1414,67 Morning Trail
Phaidra Golborn,pgolbornmq@cpanel.net,944-110-6479,7122 Arizona Lane
Gan Banham,gbanhammr@engadget.com,804-168-8203,3 Upham Center
Junie Brandoni,jbrandonims@hubpages.com,971-426-2809,034 Algoma Road
Enos Grist,egristmt@vk.com,861-573-6089,4 Lindbergh Center
Prissie Mewhirter,pmewhirtermu@google.de,555-876-0933,05145 Butternut Hill
Baldwin Latus,blatusmv@jugem.jp,491-415-2466,3 Scoville Point
Lombard Denmead,ldenmeadmw@hc360.com,875-704-9062,474 Anniversary Road
Marlo Tolworth,mtolworthmx@live.com,633-331-5883,06580 Fairview Avenue
Laraine Riccione,lriccionemy@mysql.com,787-228-4628,1 Towne Plaza
Lana Wegenen,lwegenenmz@imdb.com,375-714-9057,801 Gulseth Place
Gaylene Linay,glinayn0@github.com,224-354-2988,387 7th Road
Meriel Rushton,mrushtonn1@yandex.ru,190-999-1637,87 Fremont Center
Alexandrina Tabourel,ataboureln2@163.com,406-951-3007,1 Thompson Trail
Celie Rasell,craselln3@vkontakte.ru,709-551-7141,50 Express Road
Layla Glavias,lglaviasn4@hao123.com,823-393-8183,67 Hauk Street
Thekla Blain,tblainn5@indiegogo.com,605-417-8132,549 Lunder Parkway
Godfry Habron,ghabronn6@cbsnews.com,317-750-4228,804 Kinsman Drive
Siouxie Tighe,stighen7@alexa.com,328-584-9469,3 Veith Junction
Susi Sparkwill,ssparkwilln8@timesonline.co.uk,650-166-7880,91472 North Point
Merrel Roney,mroneyn9@vistaprint.com,231-228-7450,52 Truax Circle
Dyna Milward,dmilwardna@guardian.co.uk,366-669-2199,56 Sunfield Circle
Hyacinth Spadotto,hspadottonb@spiegel.de,282-144-4254,061 Rockefeller Street
Lilian Sherington,lsheringtonnc@macromedia.com,862-576-6660,4089 Russell Point
Sid Binnell,sbinnellnd@ftc.gov,244-194-4873,45920 Delaware Pass
Frederic Querree,fquerreene@cisco.com,286-297-4880,6156 Steensland Court
Beck Westlake,bwestlakenf@linkedin.com,351-661-2307,40817 Victoria Avenue
Elroy Aliberti,ealiberting@mapquest.com,461-940-4769,92773 Pierstorff Court
Nicoli Bulley,nbulleynh@wisc.edu,788-200-1233,3035 Express Avenue
Isidore Puckham,ipuckhamni@wordpress.org,837-804-6796,3118 Grover Plaza
Lincoln Kubasek,lkubaseknj@loc.gov,389-347-8949,84813 Arrowood Court
Constancy Garrioch,cgarriochnk@theglobeandmail.com,923-960-1963,2739 Ridgeview Drive
Philippe Hilldrup,philldrupnl@qq.com,941-201-6615,957 Scott Alley
Geoffry McRae,gmcraenm@eventbrite.com,369-650-8471,206 Kenwood Park
Sherrie Stellino,sstellinonn@accuweather.com,643-263-2102,4148 Scoville Crossing
Xena Trappe,xtrappeno@reddit.com,565-175-6935,55 Everett Pass
Clea Twiddell,ctwiddellnp@unblog.fr,395-956-8757,73668 Dryden Avenue
Lorene Nyland,lnylandnq@edublogs.org,294-985-5499,200 La Follette Circle
Tamera Edmead,tedmeadnr@vk.com,730-306-5905,0413 Forest Run Avenue
Ame Folk,afolkns@businesswire.com,239-324-8199,51247 Debra Drive
Dari Marnane,dmarnanent@mtv.com,274-873-4501,89 Del Sol Park
Sibylla Grigoroni,sgrigoroninu@163.com,206-315-0718,518 Thackeray Way
Douglass Buist,dbuistnv@japanpost.jp,991-409-0951,1187 Tony Parkway
Marylynne Mongain,mmongainnw@mac.com,332-588-6818,5 Kinsman Street
Myra Goodding,mgooddingnx@mozilla.org,122-165-4390,0315 School Street
Harli Sheekey,hsheekeyny@addtoany.com,483-628-6114,1 Macpherson Terrace
Melody Readhead,mreadheadnz@europa.eu,369-194-5909,1017 Hallows Street
Ingmar Guenther,iguenthero0@themeforest.net,946-979-7840,27 Saint Paul Avenue
Dorthy Jopke,djopkeo1@businesswire.com,550-595-0816,32616 Burrows Point
Elisha Akaster,eakastero2@ning.com,108-108-5208,5 Fulton Junction
Yolanda Sherlock,ysherlocko3@nymag.com,638-149-9126,1 Heffernan Junction
Gonzales Garwill,ggarwillo4@wikispaces.com,189-425-1008,80235 Pankratz Trail
Rozele Stratiff,rstratiffo5@amazon.de,475-467-2273,259 Grayhawk Drive
Hillier Mulchrone,hmulchroneo6@phpbb.com,243-718-4220,3590 Katie Way
Jeanelle Walsh,jwalsho7@examiner.com,528-681-9001,8866 Anzinger Trail
Salomon Oehm,soehmo8@cnbc.com,683-378-3685,0015 Sunfield Point
Concettina Epperson,ceppersono9@blogs.com,825-170-6566,6 Dorton Plaza
Sarette Colcomb,scolcomboa@mysql.com,246-893-8345,28 Tennyson Crossing
Pandora Steel,psteelob@yellowbook.com,662-673-4123,1242 Sugar Place
Ezra Doumerque,edoumerqueoc@unc.edu,904-773-6220,28986 Florence Lane
Adolf Deane,adeaneod@gizmodo.com,741-499-3501,96 Declaration Court
Robin Glassborow,rglassborowoe@elpais.com,476-786-6852,753 Bunting Terrace
Constantin Wadhams,cwadhamsof@zdnet.com,956-912-9863,60183 5th Avenue
Jemmie Twinn,jtwinnog@home.pl,291-876-7082,020 East Circle
Ethelbert McSaul,emcsauloh@domainmarket.com,756-288-5875,4075 Anhalt Trail
Abbe Puttnam,aputtnamoi@upenn.edu,683-290-6717,47 Sloan Drive
Claybourne Easdon,ceasdonoj@blogspot.com,538-236-2918,4374 Lighthouse Bay Trail
Lyda Clinnick,lclinnickok@google.it,324-306-2043,36840 Nancy Pass
Trudey Haydon,thaydonol@state.tx.us,733-158-8054,520 Onsgard Place
Carmelina Mailey,cmaileyom@noaa.gov,676-455-0157,5464 Logan Alley
Amitie Hargreves,ahargreveson@mapy.cz,527-783-5032,23709 Toban Park
Harlie Spincke,hspinckeoo@free.fr,876-897-9637,7 Tomscot Trail
Haley Kruschev,hkruschevop@abc.net.au,908-972-9053,486 Debra Plaza
Kandy Archell,karchelloq@ustream.tv,482-984-1289,824 Hovde Center
Mackenzie Iacovolo,miacovoloor@reuters.com,894-149-0892,705 Morrow Drive
Kylie Boyack,kboyackos@mail.ru,597-518-5113,5250 Independence Junction
Anastasia Apps,aappsot@house.gov,996-747-4473,2 Packers Avenue
Lemar Castagnier,lcastagnierou@sun.com,413-130-2389,0 Grover Plaza
Arlana Jewster,ajewsterov@dailymotion.com,560-508-1003,39 Drewry Center
Carlyle Wethered,cwetheredow@nymag.com,144-155-2439,31 Park Meadow Park
Gavan Pagen,gpagenox@google.com,642-587-7050,315 Mockingbird Street
Jacki Stenson,jstensonoy@github.io,813-700-2747,03724 Helena Alley
Tanney Scole,tscoleoz@examiner.com,799-382-7564,399 Heffernan Junction
Julienne Hooban,jhoobanp0@netscape.com,628-887-9974,93 Transport Crossing
Jacinda Iwanowicz,jiwanowiczp1@va.gov,844-324-1647,41 Merrick Alley
Penny Joyce,pjoycep2@google.fr,131-937-8691,90 Susan Parkway
Stacie Rosin,srosinp3@omniture.com,389-224-1460,775 Hanover Place
Tuckie Jancar,tjancarp4@baidu.com,213-704-9060,15596 Namekagon Street
Fiorenze Fleeming,ffleemingp5@nifty.com,915-868-6718,9 Gale Drive
Jarib Labrenz,jlabrenzp6@purevolume.com,738-175-2945,177 Commercial Hill
Bill Androlli,bandrollip7@eepurl.com,567-777-7735,84 Loomis Place
Tove Fasler,tfaslerp8@cam.ac.uk,846-820-9206,3913 Hermina Drive
Kalinda Huffey,khuffeyp9@umn.edu,274-876-6186,2 Stuart Avenue
Brina O'Dennehy,bodennehypa@barnesandnoble.com,829-957-7480,4 Summer Ridge Circle
Lotty Ibert,libertpb@bigcartel.com,525-593-3298,506 Charing Cross Way
Cherin Sille,csillepc@state.gov,833-324-7648,332 Manufacturers Drive
Darelle Basketfield,dbasketfieldpd@sphinn.com,898-947-0977,9 Hanson Junction
Finn Echalier,fechalierpe@yolasite.com,505-584-8838,4 Logan Circle
Dehlia Yellowlee,dyellowleepf@tamu.edu,911-912-6230,046 Sage Terrace
Kristal Empson,kempsonpg@home.pl,955-945-1936,2 Stoughton Way
Donavon O'Brollachain,dobrollachainph@smh.com.au,636-495-1566,20 Burning Wood Center
Shea Shrimplin,sshrimplinpi@weather.com,355-152-2384,73431 Annamark Trail
Thebault Tedridge,ttedridgepj@alexa.com,734-419-4627,9509 Clyde Gallagher Road
Maisie Heyball,mheyballpk@miibeian.gov.cn,423-674-2900,48 Fremont Center
Michele Thistleton,mthistletonpl@joomla.org,948-170-1953,3 Green Ridge Terrace
Monique Jacobson,mjacobsonpm@ebay.com,935-483-3615,87382 Butterfield Lane
Rhetta Florence,rflorencepn@mail.ru,388-365-5938,8465 Stuart Plaza
Scot Rochewell,srochewellpo@ox.ac.uk,771-723-9565,9 Londonderry Parkway
Valerie Lammiman,vlammimanpp@homestead.com,687-932-2488,845 Towne Drive
Lucie Wikey,lwikeypq@cam.ac.uk,199-204-3033,8609 Fairfield Plaza
Dorri O' Dooley,dopr@hexun.com,309-534-4704,436 Union Hill
Barby Sang,bsangps@over-blog.com,732-175-6655,70367 Buena Vista Avenue
Zelda MacNab,zmacnabpt@timesonline.co.uk,849-715-7346,3569 Dennis Pass
Dee dee Hannay,ddeepu@github.com,164-632-1165,483 Blaine Alley
Ody Rosenthaler,orosenthalerpv@slashdot.org,661-237-4395,942 Derek Center
Leoline De Benedictis,ldepw@topsy.com,320-116-7350,704 Monument Point
Margret Branton,mbrantonpx@weibo.com,683-139-4299,3299 Comanche Place
Kirsti Bidder,kbidderpy@cloudflare.com,642-238-0924,20 Weeping Birch Park
Wright Searby,wsearbypz@pbs.org,210-375-0087,4302 Hauk Pass
Beck Leasor,bleasorq0@time.com,134-324-1225,586 Lindbergh Pass
Diarmid Burmaster,dburmasterq1@yandex.ru,671-308-0357,647 Maywood Pass
Benito McPake,bmcpakeq2@va.gov,497-122-9584,6 East Alley
Denice Dupree,ddupreeq3@ted.com,537-387-2550,5 Claremont Parkway
Idette Dallaghan,idallaghanq4@elpais.com,994-971-1643,871 Mesta Trail
Perle Rysdale,prysdaleq5@plala.or.jp,633-175-6820,2231 Bellgrove Pass
Myrwyn Gjerde,mgjerdeq6@oaic.gov.au,547-580-7579,2 Luster Point
Huey Colbourne,hcolbourneq7@census.gov,917-203-0077,80193 Browning Way
Devina Vautre,dvautreq8@e-recht24.de,948-692-5776,0 Darwin Road
Wang Greig,wgreigq9@usnews.com,257-854-5068,50011 Sycamore Lane
Leigha Klimt,lklimtqa@soundcloud.com,240-692-3345,7774 Hazelcrest Hill
Osbert Marchello,omarchelloqb@friendfeed.com,511-955-3366,3 Hovde Hill
Russ Camamill,rcamamillqc@hexun.com,650-862-3519,9350 Cottonwood Center
Helli Pawlyn,hpawlynqd@yandex.ru,680-402-9695,45863 Riverside Point
Vallie Hancell,vhancellqe@phoca.cz,582-982-8548,7921 Hudson Park
Juan Pollendine,jpollendineqf@altervista.org,465-720-1546,40 Talisman Circle
Jenilee Bunny,jbunnyqg@fc2.com,176-739-3709,35430 Vahlen Center
Bert Southall,bsouthallqh@usda.gov,243-927-4916,59 La Follette Hill
Bernetta Mugford,bmugfordqi@eventbrite.com,507-939-2965,1 Briar Crest Circle
Woodie Goulbourne,wgoulbourneqj@google.de,520-791-7981,38 Service Drive
Korey Gillions,kgillionsqk@mapy.cz,100-472-2916,16 6th Park
Chiarra Primarolo,cprimaroloql@desdev.cn,705-985-7094,47794 David Point
Stanford Colbridge,scolbridgeqm@goodreads.com,507-622-1791,466 Erie Drive
Nickola Mandy,nmandyqn@wordpress.org,155-515-5189,4786 Randy Hill
Alvinia Blundin,ablundinqo@ezinearticles.com,912-275-6388,9 Reinke Pass
George Burrell,gburrellqp@dailymail.co.uk,699-416-7018,219 Morning Park
Stafani Sidworth,ssidworthqq@boston.com,654-323-8834,90118 Fisk Terrace
Grier Castillou,gcastillouqr@g.co,749-570-2588,270 Sherman Crossing
Washington Gypps,wgyppsqs@typepad.com,717-549-2006,309 Algoma Crossing
Montague Meenan,mmeenanqt@studiopress.com,215-193-6794,85 Cambridge Crossing
Monica Hast,mhastqu@altervista.org,613-301-2453,16 Westerfield Drive
Aeriel Grocott,agrocottqv@gmpg.org,109-237-1971,59835 Bunker Hill Place
Costa Wayper,cwayperqw@timesonline.co.uk,235-982-2451,5582 Schlimgen Terrace
Ava McGenis,amcgenisqx@devhub.com,650-357-8116,3 Jay Way
Isac Liddon,iliddonqy@networkadvertising.org,931-229-6183,5 Di Loreto Center
Jerri Davitti,jdavittiqz@goodreads.com,489-916-2333,04 Shoshone Crossing
Dolf Featherstonehaugh,dfeatherstonehaughr0@harvard.edu,861-655-9602,188 Namekagon Lane
Luz Olivia,loliviar1@ifeng.com,335-135-2474,11779 Old Shore Crossing
Pearle Fieller,pfiellerr2@state.gov,776-351-2462,3794 6th Alley
Alex Corn,acornr3@google.fr,184-332-7610,30 Scott Plaza
Montgomery Laidlaw,mlaidlawr4@ox.ac.uk,978-265-3255,52 Golden Leaf Circle
Lacie Kiefer,lkieferr5@pinterest.com,175-943-2334,92517 Clove Point
Sada Rosberg,srosbergr6@amazon.com,234-708-3747,58 Arizona Point
Austina Dunphy,adunphyr7@yolasite.com,901-382-0028,41138 Schmedeman Way
Monti Sigmund,msigmundr8@statcounter.com,529-856-5293,44 Bashford Crossing
Lise Chalder,lchalderr9@diigo.com,613-399-0805,0161 Logan Point
Livy McPhail,lmcphailra@mit.edu,638-903-2297,95 Aberg Circle
Constanta Wimpress,cwimpressrb@studiopress.com,913-108-7388,25 Scoville Avenue
Colver Jacop,cjacoprc@comsenz.com,831-417-5580,4 Debra Circle
Tersina Cairns,tcairnsrd@nydailynews.com,417-947-0374,3858 Blue Bill Park Avenue
Pearl Cashley,pcashleyre@dagondesign.com,559-302-4299,5 Cherokee Road
Margarette Lasseter,mlasseterrf@cyberchimps.com,135-253-0263,59 Sage Lane
Priscella Youles,pyoulesrg@howstuffworks.com,413-594-6399,6 Bayside Place
Arleta Rosendall,arosendallrh@lycos.com,444-829-5472,6 Tony Avenue
Pauly Wynrehame,pwynrehameri@dmoz.org,944-335-9162,6775 Waubesa Road
Maxie Olsson,molssonrj@abc.net.au,260-821-3398,4302 Old Shore Hill
Peadar Forgan,pforganrk@oaic.gov.au,474-196-2409,81316 Londonderry Road
Sheffy Leaf,sleafrl@studiopress.com,467-587-9470,586 Elgar Circle
Justus Riguard,jriguardrm@stanford.edu,959-246-8396,3765 Pond Drive
Trenna Henzley,thenzleyrn@free.fr,388-495-7404,17 Washington Way
Keen Stockdale,kstockdalero@biblegateway.com,696-394-4164,30659 Sundown Avenue
Hedi Leggan,hlegganrp@cnn.com,618-153-1313,779 Holy Cross Alley
Konstance Bleasdille,kbleasdillerq@globo.com,747-642-3125,34734 Eagan Lane
Teddie Gierardi,tgierardirr@oakley.com,735-720-6056,80152 Mcbride Road